Date Time,1,5,15,30,60,120,180,360,720,1440,total_measures,total_minutes,average_minutes,median_minutes
11/30/20,0,0,0,0,0,0,0,0,0,0,0,0,,
12/1/20,0,0,0,0,0,0,0,0,0,0,0,0,,
12/2/20,0,0,0,0,0,0,0,0,0,0,0,0,,
12/3/20,0,0,0,0,0,0,0,0,0,0,0,0,,
12/4/20,0,0,0,0,0,0,0,0,0,0,0,0,,
12/5/20,0,0,0,0,0,0,0,0,0,0,0,0,,
12/6/20,0,0,0,0,0,0,0,0,0,0,0,0,,
12/7/20,0,0,0,0,0,0,0,0,0,0,0,0,,
12/8/20,0,0,0,0,0,0,0,0,0,0,0,0,,
12/9/20,0,0,0,0,0,0,0,0,0,0,0,0,,
12/10/20,0,0,0,0,0,0,0,0,0,0,0,0,,
12/11/20,0,0,0,0,0,0,0,0,0,0,0,0,,
12/12/20,0,0,0,0,0,0,0,0,0,0,0,0,,
12/13/20,0,0,0,0,0,0,0,0,0,0,0,0,,
12/14/20,0,0,0,0,0,0,0,0,0,0,0,0,,
12/15/20,0,0,0,0,0,0,0,0,0,0,0,0,,
12/16/20,0,0,0,0,0,0,0,0,0,0,0,0,,
12/17/20,0,0,0,0,0,0,0,0,0,0,0,0,,
12/18/20,0,0,0,0,0,0,0,0,0,0,0,0,,
12/19/20,0,0,0,0,0,0,0,0,0,0,0,0,,
12/20/20,0,0,0,0,0,0,0,0,0,0,0,0,,
12/21/20,0,0,0,0,0,0,0,0,0,0,0,0,,
12/22/20,0,0,0,0,0,0,0,0,0,0,0,0,,
12/23/20,0,0,0,0,0,0,0,0,0,0,0,0,,
12/24/20,0,0,0,0,0,0,0,0,0,0,0,0,,
12/25/20,0,0,0,0,0,0,0,0,0,0,0,0,,
12/26/20,0,0,0,0,0,0,0,0,0,0,0,0,,
12/27/20,0,0,0,0,0,0,0,0,0,0,0,0,,
12/28/20,0,0,0,0,0,0,0,0,0,0,0,0,,
12/29/20,0,0,0,0,0,0,0,0,0,0,0,0,,
12/30/20,0,0,0,0,0,0,0,0,0,0,0,0,,
12/31/20,0,0,0,0,0,0,0,0,0,0,0,0,,
1/1/21,0,0,0,0,0,0,0,0,0,0,0,0,,
1/2/21,0,0,0,0,0,0,0,0,0,0,0,0,,
1/3/21,0,0,0,0,0,0,0,0,0,0,0,0,,
1/4/21,0,0,0,0,0,0,0,0,0,0,0,0,,
1/5/21,0,0,0,0,0,0,0,0,0,0,0,0,,
1/6/21,0,0,0,0,0,0,0,0,0,0,0,0,,
1/7/21,0,0,0,0,0,0,0,0,0,0,0,0,,
1/8/21,0,0,0,0,0,0,0,0,0,0,0,0,,
1/9/21,0,0,0,0,0,0,0,0,0,0,0,0,,
1/10/21,0,0,0,0,0,0,0,0,0,0,0,0,,
1/11/21,0,0,0,0,0,0,0,0,0,0,0,0,,
1/12/21,0,0,0,0,0,0,0,0,0,0,0,0,,
1/13/21,0,0,0,0,0,0,0,0,0,0,0,0,,
1/14/21,0,0,0,0,0,0,0,0,0,0,0,0,,
1/15/21,0,0,0,0,0,0,0,0,0,0,0,0,,
1/16/21,0,0,0,0,0,0,0,0,0,0,0,0,,
1/17/21,0,0,0,0,0,0,0,0,0,0,0,0,,
1/18/21,0,0,0,0,0,0,0,0,0,0,0,0,,
1/19/21,0,0,0,0,0,0,0,0,0,0,0,0,,
1/20/21,0,0,0,0,0,0,0,0,0,0,0,0,,
1/21/21,0,0,0,0,0,0,0,0,0,0,0,0,,
1/22/21,0,0,0,0,0,0,0,0,0,0,0,0,,
1/23/21,0,0,0,0,0,0,0,0,0,0,0,0,,
1/24/21,0,0,0,0,0,0,0,0,0,0,0,0,,
1/25/21,0,0,0,0,0,0,0,0,0,0,0,0,,
1/26/21,0,0,0,0,0,0,0,0,0,0,0,0,,
1/27/21,0,0,0,0,0,0,0,0,0,0,0,0,,
1/28/21,0,0,0,0,0,0,0,0,0,0,0,0,,
1/29/21,0,0,0,0,0,0,0,0,0,0,0,0,,
1/30/21,0,0,0,0,0,0,0,0,0,0,0,0,,
1/31/21,0,0,0,0,0,0,0,0,0,0,0,0,,
2/1/21,0,0,0,0,0,0,0,0,0,0,0,0,,
2/2/21,0,0,0,0,0,0,0,0,0,0,0,0,,
2/3/21,3,5,0,0,0,0,0,0,0,0,4,12,3.0,1.0
2/4/21,18,55,135,420,960,1680,900,1440,5760,2880,101,14349,142.06930693069307,30.0
2/5/21,3,50,75,210,1500,3000,900,3960,720,1440,93,11951,128.50537634408602,60.0
2/6/21,7,20,135,270,120,600,360,1440,1440,1440,45,5877,130.6,30.0
2/7/21,7,45,45,330,1740,2640,1620,2880,1440,0,100,10847,108.47,60.0
2/8/21,4,40,105,480,840,360,540,1080,1440,0,60,4949,82.48333333333333,30.0
2/9/21,8,20,135,270,780,360,720,2160,2880,1440,61,8834,144.81967213114754,60.0
2/10/21,7,15,135,150,1080,1080,720,0,1440,0,57,4684,82.17543859649123,60.0
2/11/21,6,55,255,660,1080,960,360,720,3600,2880,93,10669,114.72043010752688,30.0
2/12/21,10,20,135,270,1560,1080,1080,3600,1440,1440,86,10721,124.66279069767442,60.0
2/13/21,7,40,165,570,240,1080,360,1080,720,0,64,4326,67.59375,30.0
2/14/21,4,35,105,300,660,1320,1080,1080,3600,0,64,8248,128.875,60.0
2/15/21,3,10,60,180,180,0,180,720,2880,1440,26,5679,218.42307692307693,30.0
2/16/21,6,10,90,90,180,360,180,360,0,4320,28,5624,200.85714285714286,22.5
2/17/21,5,25,120,240,1500,1200,540,1440,0,0,68,5138,75.55882352941177,60.0
2/18/21,3,35,90,210,1560,2160,360,1440,720,2880,76,9534,125.44736842105263,60.0
2/19/21,10,30,90,540,1080,840,1080,720,720,1440,75,6625,88.33333333333333,30.0
2/20/21,5,20,120,360,660,480,360,1080,720,0,50,3855,77.1,30.0
2/21/21,8,40,105,390,1020,840,720,1080,0,4320,70,8593,122.75714285714285,30.0
2/22/21,4,35,150,360,180,360,360,360,1440,2880,46,6175,134.2391304347826,30.0
2/23/21,3,15,90,240,60,240,360,1080,720,1440,30,4278,142.6,30.0
2/24/21,3,45,135,210,780,1080,720,360,1440,0,57,4830,84.73684210526316,60.0
2/25/21,6,40,75,390,1140,1200,540,360,720,2880,68,7419,109.1029411764706,60.0
2/26/21,3,15,30,390,1560,960,900,720,2880,0,66,7524,114.0,60.0
2/27/21,8,25,165,420,900,960,1080,1440,720,1440,73,7231,99.05479452054794,30.0
2/28/21,8,20,165,570,420,480,540,1080,0,0,59,3342,56.644067796610166,30.0
3/1/21,2,35,105,390,360,600,180,1080,720,1440,46,4958,107.78260869565217,30.0
3/2/21,6,20,150,330,300,480,0,720,0,0,42,2048,48.76190476190476,30.0
3/3/21,4,15,60,420,1200,480,540,1800,1440,1440,60,7459,124.31666666666666,60.0
3/4/21,5,30,120,690,720,1200,540,1080,2880,1440,75,8780,117.06666666666666,30.0
3/5/21,3,10,165,330,780,1080,540,1080,720,0,56,4764,85.07142857142857,60.0
3/6/21,2,25,105,120,300,360,900,1080,720,0,35,3647,104.2,30.0
3/7/21,3,35,120,240,780,600,720,1080,0,0,51,3629,71.15686274509804,30.0
3/8/21,6,20,135,150,120,840,180,720,3600,1440,42,7253,172.6904761904762,30.0
3/9/21,2,15,120,210,660,600,360,720,720,0,41,3448,84.09756097560975,60.0
3/10/21,6,20,195,420,480,1320,360,1800,720,0,64,5385,84.140625,30.0
3/11/21,4,40,225,360,1020,720,360,360,720,1440,67,5316,79.34328358208955,30.0
3/12/21,3,25,135,540,600,600,180,360,720,1440,54,4657,86.24074074074075,30.0
3/13/21,2,30,120,390,1140,1800,180,1080,0,0,67,4809,71.77611940298507,60.0
3/14/21,8,25,135,450,540,1080,540,1440,1440,0,64,5722,89.40625,30.0
3/15/21,5,30,120,240,240,720,180,720,1440,0,42,3737,88.97619047619048,30.0
3/16/21,3,25,135,390,420,840,900,1800,2160,0,57,6730,118.0701754385965,30.0
3/17/21,4,20,45,360,540,1200,360,720,2160,0,49,5458,111.38775510204081,60.0
3/18/21,1,25,180,240,1380,960,1080,1080,1440,0,68,6454,94.91176470588235,60.0
3/19/21,3,5,180,330,840,1080,180,720,2160,1440,57,6995,122.71929824561404,60.0
3/20/21,4,30,105,270,960,1080,1080,1080,0,0,60,4669,77.81666666666666,60.0
3/21/21,9,20,120,420,660,600,540,3240,1440,1440,66,8555,129.62121212121212,30.0
3/22/21,8,30,180,420,420,960,0,0,2880,2880,61,7839,128.50819672131146,30.0
3/23/21,9,25,195,450,240,360,180,720,0,0,52,2231,42.90384615384615,15.0
3/24/21,5,10,225,540,1560,1440,2520,2520,1440,0,101,10361,102.58415841584159,60.0
3/25/21,13,45,180,390,1620,720,540,2520,720,1440,92,8280,90.0,30.0
3/26/21,8,15,60,270,1680,1440,720,1800,2160,1440,77,9670,125.58441558441558,60.0
3/27/21,12,80,135,390,1560,2400,1260,2520,5040,2880,119,16396,137.78151260504202,60.0
3/28/21,11,55,195,420,1080,1320,360,3240,2880,0,93,9654,103.80645161290323,30.0
3/29/21,10,40,120,330,780,120,360,2520,2160,0,63,6503,103.22222222222223,30.0
3/30/21,12,45,150,360,1020,1080,360,1080,0,0,74,4181,56.5,30.0
3/31/21,8,35,240,390,1440,1800,360,2520,1440,0,94,8327,88.58510638297872,60.0
4/1/21,17,20,90,330,1620,2880,2160,2520,1440,0,110,11187,101.7,60.0
4/2/21,9,0,150,360,1740,4320,1440,1800,1440,2880,113,14252,126.12389380530973,60.0
4/3/21,9,30,135,390,1800,1800,1080,2520,720,0,96,8580,89.375,60.0
4/4/21,12,65,90,540,1680,1080,1260,1800,720,1440,100,8787,87.87,60.0
4/5/21,8,60,105,330,780,960,360,1800,2880,2880,72,10235,142.15277777777777,30.0
4/6/21,6,15,195,390,540,840,720,0,3600,1440,61,7807,127.98360655737704,30.0
4/7/21,10,25,75,390,1020,5160,1260,3600,2160,1440,114,15254,133.80701754385964,120.0
4/8/21,2,25,135,330,2040,960,1440,2160,1440,2880,87,11499,132.17241379310346,60.0
4/9/21,13,30,150,600,2220,4080,360,2520,1440,1440,132,12985,98.37121212121212,60.0
4/10/21,11,30,180,540,1500,2640,1080,3240,720,1440,111,11492,103.53153153153153,60.0
4/11/21,9,55,135,480,1740,1320,900,3600,5040,1440,108,14827,137.28703703703704,60.0
4/12/21,8,30,135,450,1080,1320,0,720,1440,1440,72,6695,92.98611111111111,30.0
4/13/21,10,30,135,390,1920,1080,720,4320,3600,0,100,12305,123.05,60.0
4/14/21,17,25,315,390,1560,3600,1620,2160,0,4320,130,14137,108.74615384615385,60.0
4/15/21,13,60,120,510,1980,2640,540,1440,2160,1440,116,11019,94.99137931034483,60.0
4/16/21,5,25,75,360,2280,6480,1800,3600,2880,2880,145,20530,141.58620689655172,120.0
4/17/21,12,50,150,180,1920,3480,1980,2520,2880,1440,122,14734,120.77049180327869,60.0
4/18/21,6,35,90,420,2040,3360,1440,2160,4320,1440,116,15427,132.99137931034483,60.0
4/19/21,11,25,120,240,240,0,360,720,1440,2880,44,6080,138.1818181818182,15.0
4/20/21,8,65,105,210,1560,3840,1440,2160,2160,0,110,11658,105.98181818181818,60.0
4/21/21,8,40,105,240,2160,2280,1620,1080,4320,1440,105,13398,127.6,60.0
4/22/21,14,40,105,390,1560,3720,900,3600,2160,2880,119,15488,130.15126050420167,60.0
4/23/21,10,40,90,300,1920,4080,1620,4320,0,1440,122,13942,114.27868852459017,60.0
4/24/21,9,35,150,210,1260,3480,1260,1440,2160,0,97,10101,104.1340206185567,60.0
4/25/21,10,40,75,540,1500,2400,1080,360,1440,1440,96,8981,93.55208333333333,60.0
4/26/21,7,40,105,330,1680,1080,180,2880,2160,2880,84,11426,136.02380952380952,60.0
4/27/21,6,20,105,360,720,600,900,2520,2160,1440,62,8893,143.43548387096774,60.0
4/28/21,8,40,135,270,1980,2760,1260,1440,2160,1440,105,11598,110.45714285714286,60.0
4/29/21,12,90,165,270,1500,3000,540,4320,2880,2880,121,15778,130.39669421487602,60.0
4/30/21,6,55,90,300,1620,2640,720,720,4320,0,94,10565,112.3936170212766,60.0
5/1/21,8,60,210,270,1620,3600,1260,2160,720,7200,119,17227,144.76470588235293,60.0
5/2/21,8,25,60,120,1560,1440,1620,4320,2160,1440,84,12837,152.82142857142858,60.0
5/3/21,10,25,135,210,1140,480,1260,720,2880,1440,68,8368,123.05882352941177,60.0
5/4/21,5,20,90,390,1620,1320,1080,1080,720,4320,79,10724,135.74683544303798,60.0
5/5/21,12,60,75,390,720,3000,1440,2880,3600,2880,102,15159,148.61764705882354,60.0
5/6/21,5,10,90,450,1380,1680,1440,1440,1440,2880,81,10896,134.5185185185185,60.0
5/7/21,4,35,75,330,1560,1200,540,2160,720,0,73,6697,91.73972602739725,60.0
5/8/21,4,25,60,240,960,2160,1080,2160,720,0,68,7477,109.95588235294117,60.0
5/9/21,7,20,90,330,840,1080,360,1800,720,1440,60,6747,112.45,60.0
5/10/21,8,15,135,90,600,1080,540,1080,720,1440,50,5758,115.16,60.0
5/11/21,7,15,45,210,1200,840,900,1440,0,0,56,4713,84.16071428571429,60.0
5/12/21,3,10,90,180,1500,840,900,360,720,4320,59,8982,152.23728813559322,60.0
5/13/21,1,25,135,210,840,2040,180,1440,720,0,59,5650,95.76271186440678,60.0
5/14/21,7,25,105,180,900,3000,1080,1440,0,0,75,6812,90.82666666666667,60.0
5/15/21,1,5,45,330,660,960,720,720,3600,1440,47,8528,181.4468085106383,60.0
5/16/21,3,35,30,210,1080,1800,900,1800,2880,0,66,8804,133.3939393939394,60.0
5/17/21,1,20,45,270,300,480,720,360,2880,1440,36,6552,182.0,60.0
5/18/21,2,15,120,150,720,360,360,360,0,1440,37,3564,96.32432432432432,60.0
5/19/21,4,10,120,270,300,720,180,1440,0,1440,40,4524,113.1,30.0
5/20/21,1,15,45,270,540,360,540,0,0,0,31,1802,58.12903225806452,30.0
5/21/21,5,35,150,150,720,1800,900,1440,1440,0,65,6705,103.15384615384616,60.0
5/22/21,2,0,15,60,600,1440,180,1080,2160,0,34,5571,163.85294117647058,120.0
5/23/21,2,0,0,0,0,0,0,0,720,1440,4,2166,541.5,360.5
5/24/21,5,20,90,270,960,360,360,1080,0,1440,49,4634,94.57142857142857,60.0
5/25/21,6,40,90,150,1020,960,540,1440,0,1440,58,5744,99.03448275862068,60.0
5/26/21,1,25,45,180,360,240,720,1800,720,0,33,4124,124.96969696969697,60.0
5/27/21,4,15,105,180,660,840,360,720,1440,0,44,4368,99.27272727272727,60.0
5/28/21,3,5,75,180,600,480,360,1080,0,0,34,2817,82.8529411764706,60.0
5/29/21,3,0,60,150,720,360,360,0,0,0,29,1682,58.0,60.0
5/30/21,3,15,75,240,120,1080,180,1080,2160,1440,38,6431,169.23684210526315,45.0
5/31/21,2,15,15,150,300,360,540,360,0,0,23,1765,76.73913043478261,60.0
6/1/21,1,10,15,150,360,0,360,720,0,1440,20,3076,153.8,60.0
6/2/21,1,15,0,60,240,360,180,360,0,0,15,1231,82.06666666666666,60.0
6/3/21,2,15,75,120,480,600,180,1440,720,0,33,3665,111.06060606060606,60.0
6/4/21,2,10,30,180,780,120,540,720,1440,0,33,3855,116.81818181818181,60.0
6/5/21,1,15,105,90,300,600,540,720,720,1440,31,4562,147.16129032258064,60.0
6/6/21,1,0,135,90,420,120,0,1440,720,2880,28,5834,208.35714285714286,60.0
6/7/21,0,10,75,120,60,360,0,360,0,1440,17,2442,143.64705882352942,30.0
6/8/21,1,30,45,180,180,240,0,360,720,0,23,1779,77.34782608695652,30.0
6/9/21,1,5,30,180,240,120,540,0,0,0,18,1134,63.0,30.0
6/10/21,4,20,30,90,660,600,180,2160,0,0,36,3780,105.0,60.0
6/11/21,1,5,30,420,60,360,0,0,1440,1440,25,3781,151.24,30.0
6/12/21,0,25,75,240,180,120,180,0,720,0,24,1564,65.16666666666667,30.0
6/13/21,0,10,60,90,60,360,180,1080,0,0,17,1857,109.23529411764706,30.0
6/14/21,1,10,60,60,120,120,360,0,0,0,14,745,53.214285714285715,22.5
6/15/21,1,0,90,90,0,120,180,0,0,0,12,493,41.083333333333336,15.0
6/16/21,2,0,60,330,240,120,180,1080,0,0,26,2038,78.38461538461539,30.0
6/17/21,2,20,75,150,180,240,0,0,1440,0,23,2130,92.6086956521739,30.0
6/18/21,2,15,45,90,180,480,180,0,720,1440,21,3173,151.0952380952381,30.0
6/19/21,1,5,30,150,300,240,540,720,720,0,22,2728,124.0,60.0
6/20/21,2,5,60,60,60,480,360,1080,720,0,20,2847,142.35,90.0
6/21/21,0,10,30,0,60,120,0,360,0,1440,8,2028,253.5,37.5
6/22/21,2,5,30,90,120,240,0,360,720,0,14,1581,112.92857142857143,30.0
6/23/21,2,10,45,180,300,480,360,720,720,0,27,2844,105.33333333333333,60.0
6/24/21,1,20,45,240,60,0,180,1440,0,0,22,2008,91.27272727272727,30.0
6/25/21,1,5,90,390,120,480,0,1080,2160,0,33,4359,132.0909090909091,30.0
6/26/21,2,10,30,180,240,480,540,1080,720,0,27,3309,122.55555555555556,60.0
6/27/21,0,10,45,180,300,360,360,1080,1440,1440,27,5242,194.14814814814815,60.0
6/28/21,1,0,45,30,120,240,0,720,0,1440,12,2608,217.33333333333334,60.0
6/29/21,0,0,30,30,120,360,180,720,0,1440,12,2892,241.0,120.0
6/30/21,3,5,75,90,300,360,720,360,2880,0,29,4822,166.27586206896552,60.0
7/1/21,2,15,60,270,420,480,360,0,1440,0,33,3080,93.33333333333333,30.0
7/2/21,1,15,105,360,300,600,180,360,1440,1440,38,4839,127.34210526315789,30.0
7/3/21,0,15,90,210,60,720,540,0,720,0,27,2382,88.22222222222223,30.0
7/4/21,4,25,105,180,360,240,540,1080,720,0,37,3291,88.94594594594595,30.0
7/5/21,0,0,60,120,180,480,0,1800,720,0,21,3381,161.0,60.0
7/6/21,1,10,90,0,60,0,180,0,720,1440,13,2514,193.3846153846154,15.0
7/7/21,1,0,75,240,420,360,360,0,0,0,26,1482,57.0,30.0
7/8/21,4,15,120,480,720,720,360,2160,720,4320,61,9680,158.68852459016392,30.0
7/9/21,2,20,90,150,180,960,360,1800,720,0,36,4318,119.94444444444444,60.0
7/10/21,3,5,75,270,1140,1200,900,1440,720,1440,58,7251,125.01724137931035,60.0
7/11/21,2,5,90,300,300,720,360,2160,2160,0,41,6138,149.70731707317074,60.0
7/12/21,1,25,75,450,300,600,0,0,1440,1440,39,4370,112.05128205128206,30.0
7/13/21,4,5,30,270,420,600,0,720,2880,1440,35,6404,182.97142857142856,60.0
7/14/21,5,10,45,210,840,1440,540,2880,3600,1440,60,11070,184.5,60.0
7/15/21,7,15,165,300,900,1440,360,720,3600,0,67,7574,113.04477611940298,60.0
7/16/21,3,20,150,90,1320,840,1980,720,1440,0,64,6627,103.546875,60.0
7/17/21,6,25,105,240,900,600,720,2160,5040,1440,64,11300,176.5625,60.0
7/18/21,9,10,120,360,540,360,540,1800,720,1440,53,5952,112.30188679245283,30.0
7/19/21,6,20,90,600,480,600,180,1440,2160,1440,58,7074,121.96551724137932,30.0
7/20/21,7,30,75,300,1200,600,1080,2520,1440,0,68,7320,107.6470588235294,60.0
7/21/21,4,10,210,420,1740,1800,1440,3240,1440,1440,98,11842,120.83673469387755,60.0
7/22/21,6,55,150,390,2640,1800,1260,3240,3600,0,120,13261,110.50833333333334,60.0
7/23/21,7,25,180,420,1320,2040,540,2160,2160,2880,91,11823,129.92307692307693,60.0
7/24/21,15,40,120,360,1140,4680,2520,3600,3600,2880,132,19087,144.59848484848484,120.0
7/25/21,10,30,165,480,1980,2760,1980,2520,4320,2880,125,17250,138.0,60.0
7/26/21,8,10,195,390,1800,1920,1260,4320,3600,2880,108,16491,152.69444444444446,60.0
7/27/21,10,50,105,180,1500,1080,1800,2520,720,1440,86,9491,110.36046511627907,60.0
7/28/21,6,5,150,330,1920,3120,720,4680,3600,2880,110,17521,159.28181818181818,60.0
7/29/21,8,60,180,270,1860,2040,2160,1440,4320,2880,113,15331,135.67256637168143,60.0
7/30/21,5,25,75,360,600,1200,1260,2880,1440,1440,65,9350,143.84615384615384,60.0
7/31/21,10,45,75,300,1680,5520,2160,4680,3600,0,138,18208,131.94202898550725,120.0
8/1/21,11,20,90,360,660,1320,900,1800,7920,5760,80,18921,236.5125,60.0
8/2/21,5,15,135,360,960,2760,1800,2880,5040,4320,96,18371,191.36458333333334,120.0
8/3/21,2,25,45,210,1500,7680,19260,57240,11520,5760,392,103634,264.3724489795918,180.0
8/4/21,19,45,150,600,1380,7800,8640,10800,15840,17280,258,62812,243.45736434108528,120.0
8/5/21,26,60,75,180,1920,7680,13680,25560,14400,2880,314,66775,212.65923566878982,180.0
8/6/21,16,50,45,360,2160,8520,12960,12960,14400,10080,283,61834,218.4946996466431,120.0
8/7/21,18,75,120,270,2280,10320,11340,11160,14400,4320,291,54594,187.60824742268042,120.0
8/8/21,13,55,120,390,1800,6960,11340,11880,12960,5760,251,51529,205.29482071713147,120.0
8/9/21,15,25,165,420,1920,9120,7920,9360,6480,10080,239,45744,191.39748953974896,120.0
8/10/21,29,45,165,330,1380,10200,12240,18000,7920,1440,298,52047,174.65436241610738,120.0
8/11/21,12,50,90,210,1380,7800,15660,25200,12240,10080,304,73026,240.2171052631579,180.0
8/12/21,13,20,90,330,2100,9720,8820,10800,12240,4320,249,48702,195.59036144578315,120.0
8/13/21,13,40,120,270,2520,8160,18180,17280,12960,4320,318,64181,201.82704402515722,180.0
8/14/21,10,10,120,540,2580,8520,20160,18360,18720,5760,345,75125,217.7536231884058,180.0
8/15/21,5,45,120,360,2280,10920,8820,11880,20880,5760,278,61348,220.67625899280574,120.0
8/16/21,9,60,195,510,2940,7560,3960,3960,8640,10080,215,38129,177.34418604651162,120.0
8/17/21,9,60,90,270,1080,7440,4860,8640,11520,4320,186,38475,206.8548387096774,120.0
8/18/21,10,50,165,210,2160,8400,14760,24480,9360,5760,311,65666,211.14469453376205,180.0
8/19/21,20,40,180,210,2460,11160,14040,25560,14400,5760,354,74184,209.5593220338983,120.0
8/20/21,5,15,30,270,2400,10680,14940,23040,13680,5760,318,71138,223.70440251572327,180.0
8/21/21,10,45,165,420,2640,9480,15300,24840,20160,14400,359,87819,244.62116991643455,180.0
8/22/21,9,15,60,450,1980,9720,10440,11880,14400,11520,264,60738,230.0681818181818,120.0
8/23/21,7,25,210,240,1740,8640,5760,5760,9360,2880,198,34820,175.85858585858585,120.0
8/24/21,13,50,105,120,1860,8400,15300,18720,9360,5760,289,59977,207.53287197231833,180.0
8/25/21,7,65,135,570,2400,9360,12240,18720,14400,8640,312,66849,214.2596153846154,120.0
8/26/21,3,15,60,330,1860,9720,14400,28440,11520,5760,312,72420,232.1153846153846,180.0
8/27/21,10,20,165,330,1200,9000,15480,31320,13680,5760,327,77292,236.36697247706422,180.0
8/28/21,7,25,120,510,3900,13800,9000,11160,14400,14400,328,67650,206.25,120.0
8/29/21,20,35,165,480,3540,13800,7020,9000,10800,14400,317,59577,187.94006309148264,120.0
8/30/21,16,45,120,690,3000,9720,4320,7920,8640,2880,247,37598,152.21862348178138,120.0
8/31/21,12,35,180,840,2400,14280,12780,12240,6480,10080,339,59666,176.00589970501474,120.0
9/1/21,12,60,105,480,2820,12120,17460,19800,16560,5760,374,75551,202.00802139037432,120.0
9/2/21,18,105,150,660,3600,15480,12420,17640,16560,8640,407,75680,185.94594594594594,120.0
9/3/21,75,305,660,1080,1680,4560,1980,9360,15840,8640,347,44527,128.31988472622479,15.0
9/4/21,40,165,360,750,1500,2520,1440,4320,18720,5760,218,35793,164.1880733944954,30.0
9/5/21,61,265,435,870,1560,3840,1980,9000,12240,11520,291,42062,144.5429553264605,30.0
9/6/21,40,120,510,720,1440,2880,1800,5400,10080,7200,214,30404,142.07476635514018,30.0
9/7/21,44,205,960,1140,1500,3600,3420,7920,10080,7200,302,36371,120.43377483443709,30.0
9/8/21,67,300,720,690,1920,3600,3240,10080,10080,7200,325,38222,117.60615384615384,15.0
9/9/21,90,380,690,840,2820,4560,3600,6480,4320,5760,373,29913,80.19571045576407,15.0
9/10/21,36,100,180,300,480,720,6120,70920,12960,11520,349,103685,297.0916905444126,360.0
9/11/21,23,35,0,30,0,0,0,720,16560,10080,63,27511,436.6825396825397,360.0
9/12/21,7,35,30,0,0,0,0,0,0,0,16,88,5.5,5.0
9/13/21,24,315,1890,1980,3420,7320,5400,9360,3600,0,458,33767,73.72707423580786,30.0
9/14/21,29,335,2100,1770,3180,4320,5580,12240,13680,14400,478,58112,121.57322175732217,30.0
9/15/21,91,350,555,1140,2820,3960,2520,10800,10080,14400,384,47100,122.65625,15.0
9/16/21,77,335,795,900,2640,4200,2880,12240,7200,14400,376,46043,122.45478723404256,15.0
9/17/21,87,320,480,570,1860,3960,2700,9000,7200,7200,321,33698,104.97819314641744,15.0
9/18/21,55,255,510,870,1500,3720,3420,9000,10080,7200,288,36898,128.11805555555554,30.0
9/19/21,53,225,315,840,1560,2880,2340,5400,15120,8640,252,37625,149.30555555555554,30.0
9/20/21,42,160,300,420,1260,2400,2160,6480,5040,8640,192,27094,141.11458333333334,30.0
9/21/21,66,255,660,870,1620,3000,1980,8280,10080,2880,292,29983,102.68150684931507,15.0
9/22/21,48,215,345,690,960,1440,1800,2520,10080,10080,203,28381,139.807881773399,15.0
9/23/21,89,365,630,1080,1860,5280,2880,5400,6480,10080,362,34506,95.32044198895028,15.0
9/24/21,62,360,585,840,1740,3840,2340,6840,8640,10080,313,35640,113.86581469648563,15.0
9/25/21,67,300,645,540,2160,3600,4500,9720,14400,15840,337,52109,154.62611275964392,15.0
9/26/21,58,280,510,690,1740,3960,2700,7560,11520,4320,288,33626,116.75694444444444,15.0
9/27/21,56,230,345,420,840,2880,1080,3600,7200,11520,211,28382,134.51184834123222,15.0
9/28/21,63,290,360,660,1380,4320,2160,4680,6480,5760,264,26417,100.06439393939394,15.0
9/29/21,68,300,570,570,1200,3240,2160,5400,11520,10080,282,35390,125.49645390070921,15.0
9/30/21,82,275,510,930,2280,4440,3240,8280,8640,1440,331,30448,91.98791540785498,15.0
10/1/21,51,295,1005,1080,1680,3960,2520,7560,11520,1440,326,31437,96.43251533742331,15.0
10/2/21,56,160,285,600,1020,1440,1440,3240,14400,4320,196,27157,138.55612244897958,15.0
10/3/21,59,130,375,720,1140,3240,2700,9720,10080,1440,237,29841,125.9113924050633,30.0
10/4/21,31,195,1230,960,2220,3600,2700,10080,7200,4320,307,32843,106.98045602605863,30.0
10/5/21,61,250,705,780,1260,2640,2880,3960,10080,5760,272,28648,105.32352941176471,15.0
10/6/21,60,215,510,720,1320,3840,3060,6480,8640,5760,266,30871,116.05639097744361,15.0
10/7/21,68,255,405,600,1320,3120,3960,7200,6480,8640,271,32319,119.25830258302582,15.0
10/8/21,57,175,615,630,1800,2520,3420,4320,12960,5760,258,32515,126.02713178294573,15.0
10/9/21,45,230,420,720,1740,3600,3960,13680,7200,5760,276,37631,136.34420289855072,30.0
10/10/21,53,145,495,510,960,3120,2880,5040,9360,7200,222,29985,135.06756756756758,15.0
10/11/21,39,140,450,390,1620,3000,2160,3600,5760,8640,198,25997,131.2979797979798,30.0
10/12/21,43,195,270,510,1560,3000,1440,5760,8640,10080,211,31709,150.27962085308056,30.0
10/13/21,71,270,630,840,1380,4560,3780,11880,8640,7200,327,39578,121.03363914373088,15.0
10/14/21,78,305,630,690,2040,3600,3060,6480,14400,8640,329,40252,122.34650455927051,15.0
10/15/21,62,260,360,870,1740,3600,1800,8280,10800,5760,278,33810,121.61870503597122,30.0
10/16/21,38,155,405,600,1740,2640,3240,7560,10800,2880,223,30281,135.78923766816143,30.0
10/17/21,27,120,450,600,1260,3840,1620,4320,7920,2880,188,23225,123.5372340425532,30.0
10/18/21,31,90,270,390,720,960,720,2880,6480,2880,123,15544,126.3739837398374,15.0
10/19/21,40,155,375,240,660,3120,720,4680,7920,2880,171,20961,122.57894736842105,15.0
10/20/21,52,245,525,990,1680,3000,4320,8640,7920,0,281,27653,98.40925266903915,30.0
10/21/21,59,275,555,630,1680,4800,4140,7200,9360,5760,300,34759,115.86333333333333,15.0
10/22/21,46,130,420,720,1800,3480,2520,10080,10800,5760,244,36000,147.54098360655738,30.0
10/23/21,16,130,690,630,1860,3240,3240,5760,10080,1440,216,27302,126.39814814814815,30.0
10/24/21,30,190,180,600,1080,2760,2700,6120,7920,2880,186,24646,132.50537634408602,30.0
10/25/21,48,190,285,600,1440,2040,2340,7200,3600,4320,207,22270,107.58454106280193,15.0
10/26/21,45,185,360,510,660,2400,1260,7200,7920,4320,195,25055,128.48717948717947,15.0
10/27/21,40,165,420,570,2100,2400,2160,7920,9360,1440,223,26798,120.17040358744394,30.0
10/28/21,58,230,615,750,1440,3720,3600,9000,8640,8640,288,36981,128.40625,15.0
10/29/21,60,245,375,600,1620,3600,2520,7920,7920,7200,263,32323,122.90114068441065,15.0
10/30/21,37,95,255,480,1140,2760,2340,3960,8640,7200,172,27079,157.4360465116279,30.0
10/31/21,35,170,330,510,1200,2280,1980,6840,8640,5760,193,27938,144.75647668393782,30.0
11/1/21,36,140,285,480,780,1800,1260,4320,3600,5760,155,18616,120.10322580645162,15.0
11/2/21,41,150,300,570,1080,2400,2700,4320,2880,4320,182,18943,104.08241758241758,22.5
11/3/21,35,165,465,480,1440,2640,1440,4320,6480,4320,193,21978,113.87564766839378,15.0
11/4/21,50,230,525,750,1500,2640,3060,7920,5760,8640,256,31331,122.38671875,15.0
11/5/21,49,245,420,450,1860,1920,3240,10080,12960,8640,258,40122,155.51162790697674,30.0
11/6/21,49,195,390,540,1620,3600,2880,10440,6480,7200,248,33642,135.65322580645162,30.0
11/7/21,48,145,420,360,1080,2880,2340,9000,5760,7200,210,29443,140.2047619047619,22.5
11/8/21,38,145,405,450,780,720,1260,3960,5040,2880,155,15833,102.14838709677419,15.0
11/9/21,36,145,330,390,1320,1680,2340,6120,3600,1440,172,17573,102.1686046511628,15.0
11/10/21,58,295,570,780,1380,1560,1980,4680,7200,0,251,18754,74.71713147410358,15.0
11/11/21,42,195,420,540,1440,3600,1440,6840,10080,5760,226,30583,135.3230088495575,30.0
11/12/21,46,230,495,420,1080,2640,1620,3960,4320,1440,206,16457,79.8883495145631,15.0
11/13/21,49,190,375,810,1200,2400,1980,7560,5040,10080,225,29909,132.92888888888888,30.0
11/14/21,37,140,225,210,660,1560,1800,5760,5040,1440,145,17017,117.35862068965517,15.0
11/15/21,44,165,420,480,1380,2520,1080,2160,4320,7200,188,19957,106.15425531914893,15.0
11/16/21,33,100,240,90,600,2160,1260,2880,7920,0,126,15409,122.2936507936508,15.0
11/17/21,37,255,435,810,1440,3240,900,6120,5040,2880,226,21383,94.61504424778761,15.0
11/18/21,56,155,555,360,1800,1920,1800,4680,8640,1440,218,21624,99.19266055045871,15.0
11/19/21,38,135,210,240,1260,1920,1620,2880,6480,1440,151,16374,108.43708609271523,15.0
11/20/21,30,70,225,330,1260,1920,1440,2880,6480,5760,136,20531,150.96323529411765,30.0
11/21/21,29,75,135,120,780,1560,720,1440,8640,1440,104,15043,144.64423076923077,15.0
11/22/21,49,135,375,420,1140,3000,1980,4320,2160,1440,186,15205,81.74731182795699,15.0
11/23/21,19,100,195,240,720,2280,1260,720,10080,4320,117,20051,171.3760683760684,30.0
11/24/21,26,75,180,510,540,1320,1080,3240,8640,4320,120,20051,167.09166666666667,30.0
11/25/21,24,145,375,210,720,1440,1080,4320,7200,4320,140,19974,142.67142857142858,15.0
11/26/21,8,175,210,330,1140,2160,1800,5040,6480,2880,140,20363,145.45,60.0
11/27/21,14,40,105,210,480,960,540,2520,5760,0,70,10699,152.84285714285716,30.0
11/28/21,34,110,210,240,1140,720,1260,2880,1440,4320,123,12477,101.4390243902439,15.0
11/29/21,10,175,405,630,480,1800,720,4320,5040,0,139,13719,98.6978417266187,15.0
11/30/21,29,165,180,360,900,2640,1800,3960,3600,4320,152,18106,119.11842105263158,30.0
12/1/21,40,160,480,480,1380,2520,900,3600,1440,0,181,11181,61.773480662983424,15.0
12/2/21,17,90,1230,1470,1800,3720,3240,6480,6480,2880,274,27681,101.02554744525547,30.0
12/3/21,12,130,885,990,1620,1680,1800,3960,5040,7200,204,23521,115.29901960784314,30.0
12/4/21,31,140,255,210,1500,2400,1980,4320,7920,7200,167,26123,156.4251497005988,60.0
12/5/21,29,120,330,210,840,1680,1260,1800,5760,2880,132,15041,113.9469696969697,15.0
12/6/21,22,55,120,300,120,720,360,1440,3600,0,70,6807,97.24285714285715,15.0
12/7/21,52,150,330,720,1680,2520,3060,3960,2880,0,209,15561,74.45454545454545,30.0
12/8/21,10,25,15,0,0,0,0,0,5760,2880,26,8716,335.2307692307692,5.0
12/9/21,65,200,870,810,1620,2880,2160,7560,720,0,275,17160,62.4,15.0
12/10/21,44,150,360,300,1080,2400,2160,3240,13680,1440,187,25041,133.9090909090909,15.0
12/11/21,52,155,510,690,1200,2160,3060,3600,4320,4320,214,20281,94.77102803738318,15.0
12/12/21,41,110,255,360,960,2160,1260,3240,8640,2880,156,20062,128.60256410256412,15.0
12/13/21,27,80,180,300,540,1320,720,5040,4320,0,109,12636,115.92660550458716,15.0
12/14/21,57,140,420,420,720,3240,1800,3960,4320,2880,195,18152,93.08717948717948,15.0
12/15/21,71,170,465,570,2340,2520,2520,4320,6480,1440,251,21147,84.25099601593625,15.0
12/16/21,94,225,765,1110,2220,4800,3060,6480,13680,7200,363,39997,110.18457300275482,15.0
12/17/21,167,335,840,720,1800,3360,1980,0,8640,11520,403,29765,73.85856079404466,5.0
12/18/21,159,250,555,1140,1620,6360,4680,21240,13680,12960,477,63121,132.32914046121593,15.0
12/19/21,162,235,465,660,2160,4680,4860,11880,10800,4320,415,40637,97.92048192771084,5.0
12/20/21,180,200,525,750,1620,4920,3240,7560,10080,4320,404,33799,83.66089108910892,5.0
12/21/21,200,340,765,1140,2160,5880,3600,8280,6480,7200,499,36544,73.23446893787575,5.0
12/22/21,258,310,1665,2430,2400,5160,4860,11880,13680,0,674,43317,64.26854599406528,15.0
12/23/21,621,1075,2385,3030,7560,9960,7200,2880,10080,14400,1377,60568,43.98547567175018,5.0
12/24/21,451,500,855,1620,3540,8760,9360,35640,31680,40320,1017,133743,131.50737463126845,5.0
12/25/21,487,685,1410,2940,6180,13920,14040,26280,16560,12960,1218,96680,79.376026272578,5.0
12/26/21,406,565,1215,1890,4440,14400,11340,22320,30240,23040,1040,110896,106.63076923076923,15.0
12/27/21,523,885,1770,2760,6180,16560,11880,28080,29520,21600,1351,121109,89.6439674315322,5.0
12/28/21,485,730,3210,3120,6600,13560,14220,27000,31680,21600,1385,123590,89.2346570397112,15.0
12/29/21,695,855,1785,2670,6720,12720,10620,33120,32400,31680,1510,134775,89.25496688741723,5.0
12/30/21,884,1405,2475,4800,10080,22440,15660,34200,26640,14400,2074,135058,65.11957569913211,5.0
12/31/21,1058,1305,3060,5100,11160,21840,17460,45360,43920,28800,2365,181428,76.71374207188161,5.0
1/1/22,722,935,2445,5130,10500,22800,16020,45360,41040,33120,1903,179975,94.57435627955859,15.0
1/2/22,634,800,2175,3270,7080,19080,14580,40680,46800,31680,1606,168385,104.84744707347447,15.0
1/3/22,642,750,1575,2640,4920,8400,7560,21960,42480,33120,1322,125369,94.83282904689864,5.0
1/4/22,923,1380,3360,4560,10320,18720,15660,39240,18720,14400,2135,129418,60.617330210772835,5.0
1/5/22,1224,1865,4185,5490,12720,27360,20340,46080,50400,30240,2831,202735,71.61250441540092,5.0
1/6/22,999,1040,3675,9300,44280,78000,15480,39960,68400,43200,3472,307806,88.65380184331798,30.0
1/7/22,1445,2300,5115,7470,14820,31560,40140,99720,84240,93600,3687,384097,104.17602386764307,5.0
1/8/22,1487,2180,4620,7410,20760,36720,23220,68760,79920,64800,3606,313483,86.93372157515252,5.0
1/9/22,1292,2045,4875,7950,15840,37320,23580,83160,84240,64800,3390,328492,96.90029498525074,5.0
1/10/22,1262,2715,5865,7860,16980,28560,24480,62640,79200,87840,3460,320862,92.73468208092486,5.0
1/11/22,1311,2410,5280,7920,16140,30600,23400,60120,90720,73440,3407,314748,92.38274141473437,5.0
1/12/22,1269,2150,5430,7170,15480,27600,21600,67320,83520,82080,3268,316887,96.96664626682987,5.0
1/13/22,1210,1865,4560,6240,13980,30600,23760,74880,84960,74880,3093,320028,103.46847720659554,5.0
1/14/22,906,1765,5325,12240,24060,30360,22140,64800,71280,57600,3118,293594,94.16100064143681,15.0
1/15/22,1006,1780,4230,6030,14100,28200,22680,55440,84960,83520,2771,304717,109.96643810898593,15.0
1/16/22,918,1665,3750,5820,13020,28680,27000,78480,70560,67680,2664,300237,112.70157657657657,15.0
1/17/22,866,1445,3000,5460,10140,19440,21420,63360,60480,86400,2307,274318,118.90680537494582,5.0
1/18/22,817,1335,3915,6390,12600,19920,14400,38880,59760,67680,2252,227949,101.22069271758437,15.0
1/19/22,1004,1545,3465,5850,12360,21840,17820,45360,60480,44640,2467,216831,87.89258208350223,5.0
1/20/22,1051,2055,4305,7320,13800,26880,23940,53280,66960,63360,2865,265816,92.7804537521815,5.0
1/21/22,981,1830,3675,5490,13200,24600,20340,59040,92880,84960,2665,309661,116.19549718574109,5.0
1/22/22,965,1670,4320,6810,12960,29160,19980,54360,66960,60480,2670,260335,97.50374531835206,15.0
1/23/22,731,1320,3015,4920,12600,21840,26100,65160,83520,73440,2245,294891,131.354565701559,15.0
1/24/22,700,1655,3750,6300,10860,24120,20160,45720,66240,64800,2249,246554,109.62827923521566,15.0
1/25/22,601,1205,2655,4170,8280,16800,14040,52560,64080,72000,1799,238190,132.40133407448582,15.0
1/26/22,1042,1970,4770,7560,14400,27360,22320,42120,59760,31680,2820,215802,76.52553191489362,5.0
1/27/22,873,1765,3810,6180,13380,27360,25740,69480,90720,83520,2657,325485,122.50094091080166,15.0
1/28/22,836,1840,4065,5760,13440,23640,18180,58320,69840,61920,2491,260332,104.50903251706143,15.0
1/29/22,701,1480,3360,5550,10980,25560,20160,59760,72720,74880,2233,277384,124.22033139274518,15.0
1/30/22,562,1075,2235,4170,9720,18000,16560,61200,74880,59040,1784,249226,139.7006726457399,15.0
1/31/22,523,960,1995,3030,6420,14400,11160,36720,55440,64800,1462,196910,134.68536251709986,15.0
2/1/22,406,535,1365,2220,4440,8400,7920,20160,38880,34560,1000,119886,119.886,5.0
2/2/22,511,1025,2220,3330,7920,15000,11880,30960,24480,17280,1430,116036,81.14405594405595,5.0
2/3/22,364,745,2805,4020,7320,12240,5760,24480,38880,27360,1231,125205,101.70999187652315,15.0
2/4/22,411,705,1425,2280,6240,11520,14220,27000,33120,33120,1146,131187,114.4738219895288,15.0
2/5/22,338,620,1605,2700,6000,13440,10260,26640,30240,15840,1055,108738,103.06919431279621,15.0
2/6/22,202,410,1140,1950,4620,7200,3420,21240,36000,25920,708,102810,145.21186440677965,15.0
2/7/22,225,500,1395,1620,2820,4200,4140,7920,22320,12960,639,58739,91.92331768388107,5.0
2/8/22,232,470,990,1800,3660,8520,5940,12240,11520,25920,685,71977,105.07591240875912,15.0
2/9/22,281,485,1260,1890,4740,7680,8100,21240,18000,23040,813,87529,107.66174661746618,15.0
2/10/22,286,465,945,2130,4200,7320,7020,20160,21600,23040,785,87951,112.03949044585987,15.0
2/11/22,203,310,960,1530,3660,5760,5760,15480,21600,11520,602,67385,111.93521594684385,15.0
2/12/22,79,15,15,0,0,0,0,0,16560,14400,116,31185,268.83620689655174,1.0
2/13/22,108,280,690,930,2400,3960,4680,7560,1440,0,363,22411,61.73829201101928,15.0
2/14/22,116,210,1260,3510,6120,13920,12420,26280,23760,8640,758,96994,127.96042216358839,60.0
2/15/22,122,215,510,690,1740,3120,3420,7200,28080,21600,370,67067,181.26216216216216,15.0
2/16/22,168,295,495,1080,2460,5040,3240,9720,10800,8640,445,42383,95.24269662921348,5.0
2/17/22,148,235,750,1410,2580,4920,3600,8640,12240,5760,441,40724,92.34467120181407,15.0
2/18/22,133,255,570,660,2100,4800,2700,4680,11520,2880,365,30663,84.00821917808219,5.0
2/19/22,97,130,390,690,2340,3480,2700,6840,7920,11520,293,36400,124.2320819112628,15.0
2/20/22,43,15,0,0,0,0,0,0,7920,8640,63,16681,264.77777777777777,1.0
2/21/22,62,90,135,420,960,2160,2880,1800,0,0,158,8665,54.84177215189873,5.0
2/22/22,77,355,1095,960,2880,3240,3420,8280,5760,2880,380,29327,77.17631578947369,15.0
2/23/22,89,205,435,900,1380,3360,2520,6840,12960,4320,294,33303,113.27551020408163,15.0
2/24/22,101,100,345,420,1560,2160,1440,5400,5760,7200,238,24724,103.88235294117646,5.0
2/25/22,94,120,360,600,1140,2280,3060,3600,7200,2880,239,21573,90.26359832635983,15.0
2/26/22,73,120,390,630,1740,1800,1980,4320,8640,2880,225,22798,101.32444444444444,15.0
2/27/22,68,75,150,300,780,1800,900,4320,7200,1440,159,17192,108.12578616352201,5.0
2/28/22,56,75,180,420,840,1320,540,4680,3600,2880,145,14736,101.62758620689655,15.0
3/1/22,57,70,255,330,480,1320,1260,3960,3600,2880,143,14355,100.38461538461539,15.0
3/2/22,79,95,255,360,1140,1800,1080,6120,5040,1440,192,17601,91.671875,5.0
3/3/22,72,85,210,360,1320,1920,2160,2880,4320,1440,180,14947,83.03888888888889,15.0
3/4/22,78,100,225,450,900,1440,720,3960,2880,4320,177,15250,86.15819209039547,5.0
3/5/22,65,65,195,210,660,1800,1440,2880,8640,2880,154,18989,123.3051948051948,5.0
3/6/22,27,10,0,0,0,0,0,0,2880,2880,35,5832,166.62857142857143,1.0
3/7/22,49,110,255,240,480,1440,1260,2520,1440,8640,138,16572,120.08695652173913,5.0
3/8/22,59,145,165,300,780,2280,1980,3600,720,1440,164,11633,70.9329268292683,5.0
3/9/22,70,75,165,270,360,1200,900,4680,5760,2880,149,16509,110.79865771812081,5.0
3/10/22,79,115,240,210,900,1440,1260,3240,3600,0,173,11257,65.0693641618497,5.0
3/11/22,56,75,120,360,780,1680,1620,2160,4320,1440,140,12751,91.07857142857142,5.0
3/12/22,27,5,0,0,0,0,0,0,3600,2880,35,6547,187.05714285714285,1.0
3/13/22,30,40,120,240,420,600,360,1440,1440,0,74,4764,64.37837837837837,5.0
3/14/22,43,155,270,330,840,1800,1440,8280,720,0,164,14042,85.6219512195122,15.0
3/15/22,50,55,120,150,180,840,540,720,7200,2880,101,12836,127.08910891089108,5.0
3/16/22,57,100,210,300,720,1200,1080,3960,7200,0,150,14977,99.84666666666666,5.0
3/17/22,35,5,45,90,60,480,0,360,3600,1440,54,6169,114.24074074074075,1.0
3/18/22,68,65,90,270,480,960,1620,2520,3600,0,133,9806,73.72932330827068,1.0
3/19/22,38,65,120,240,480,1440,2160,3240,2880,1440,113,12216,108.10619469026548,15.0
3/20/22,47,30,150,180,420,1080,360,720,3600,2880,96,9563,99.61458333333333,5.0
3/21/22,56,45,120,210,240,840,540,3600,3600,2880,111,12242,110.28828828828829,1.0
3/22/22,44,30,90,480,1020,1800,540,1440,720,2880,114,9158,80.33333333333333,30.0
3/23/22,83,75,210,360,780,1200,1260,3240,1440,0,165,8813,53.412121212121214,1.0
3/24/22,73,225,405,420,840,1800,2340,5040,5040,2880,224,19287,86.10267857142857,5.0
3/25/22,70,280,405,270,960,2160,720,4320,2880,1440,217,13722,63.235023041474655,5.0
3/26/22,89,105,165,510,720,2040,900,3600,5040,2880,191,16240,85.0261780104712,5.0
3/27/22,76,60,165,240,420,1440,1080,2880,7200,1440,151,15152,100.34437086092716,1.0
3/28/22,93,100,150,450,1140,1440,1440,3240,2880,4320,193,15446,80.03108808290155,5.0
3/29/22,130,155,285,450,480,1200,1260,1800,2160,2880,230,11030,47.95652173913044,1.0
3/30/22,121,210,375,840,960,1680,1980,4680,2160,1440,274,14720,53.722627737226276,5.0
3/31/22,167,215,360,360,1800,2520,1080,4320,7200,4320,328,22670,69.11585365853658,1.0
4/1/22,106,240,600,870,1200,2880,1440,3600,2880,2880,291,16987,58.3745704467354,5.0
4/2/22,101,95,225,570,960,1800,1080,8640,4320,0,221,18012,81.50226244343891,5.0
4/3/22,129,85,210,330,1200,3000,1800,3240,6480,1440,245,18159,74.11836734693877,1.0
4/4/22,137,140,180,210,900,1560,1080,4320,6480,4320,242,19569,80.86363636363636,1.0
4/5/22,216,240,450,840,1020,2400,2160,6480,5040,2880,398,22124,55.58793969849246,1.0
4/6/22,256,190,390,420,1680,3600,1620,5400,7200,4320,429,25505,59.45221445221445,1.0
4/7/22,292,205,585,780,2280,3480,2340,5400,6480,4320,505,26667,52.80594059405941,1.0
4/8/22,240,225,345,720,1740,3840,2160,5760,6480,4320,433,26263,60.65357967667436,1.0
4/9/22,200,180,570,510,2280,5400,2880,7200,7200,5760,424,32604,76.89622641509433,5.0
4/10/22,184,130,195,600,1740,3600,2520,6120,7920,8640,350,31999,91.42571428571429,1.0
4/11/22,184,150,525,480,1080,2280,1800,4680,4320,2880,333,18712,56.192192192192195,1.0
4/12/22,226,200,495,990,1620,2880,2340,2160,7920,8640,419,27890,66.56324582338902,1.0
4/13/22,324,240,540,990,1860,3360,2340,6480,2880,2880,537,22431,41.770949720670394,1.0
4/14/22,326,380,810,900,2520,4200,4140,5400,10080,2880,617,32253,52.27390599675851,1.0
4/15/22,293,260,555,810,2160,2400,4140,7200,8640,4320,523,31301,59.848948374760994,1.0
4/16/22,259,220,420,690,2460,4440,4140,9000,1440,2880,484,26433,54.61363636363637,1.0
4/17/22,244,125,465,750,1680,2040,1800,3960,9360,0,404,20828,51.554455445544555,1.0
4/18/22,224,245,420,930,2340,2520,1980,3960,7920,2880,427,23846,55.84543325526932,1.0
4/19/22,255,265,525,540,1200,2400,1620,3960,7200,4320,434,22719,52.3479262672811,1.0
4/20/22,288,170,435,450,1260,1920,1260,5760,4320,2880,434,19177,44.18663594470046,1.0
4/21/22,260,190,525,720,1920,4080,2520,6480,8640,5760,471,31566,67.01910828025478,1.0
4/22/22,335,445,840,1530,4380,7200,5400,12240,12960,4320,749,50399,67.28838451268358,5.0
4/23/22,322,400,750,1680,4740,7200,5760,16200,11520,12960,749,62281,83.15220293724967,5.0
4/24/22,262,205,375,780,1800,4920,2700,10080,15120,20160,503,56905,113.13121272365805,1.0
4/25/22,289,350,720,720,1440,4800,2520,7920,12240,4320,551,35870,65.09981851179673,1.0
4/26/22,361,340,705,990,2400,4440,5580,9360,2160,7200,651,34187,52.514592933947775,1.0
4/27/22,392,375,780,1680,2640,5640,4140,8640,11520,4320,732,40859,55.818306010928964,1.0
4/28/22,434,460,1170,1530,3840,7920,4860,7920,18000,10080,866,57080,65.91224018475751,1.0
4/29/22,389,355,750,1650,3480,8520,4860,15120,11520,1440,780,48864,62.646153846153844,5.0
4/30/22,353,355,810,1650,3540,7320,4860,10800,17280,5760,738,53466,72.44715447154472,5.0
5/1/22,326,195,660,930,2160,6240,2880,11880,15840,5760,603,47474,78.72968490878938,1.0
5/2/22,393,325,600,840,2340,4320,3600,7560,6480,14400,661,41519,62.812405446293496,1.0
5/3/22,493,370,885,1110,3840,3600,5220,7200,10080,7200,825,40823,49.482424242424244,1.0
5/4/22,530,540,1125,1890,3420,5520,7200,17640,16560,17280,1003,72708,72.49052841475573,1.0
5/5/22,443,345,720,1290,2520,5280,4500,14040,20880,14400,792,65210,82.33585858585859,1.0
5/6/22,541,620,1365,2490,4080,9360,7740,19080,13680,17280,1112,77348,69.55755395683454,5.0
5/7/22,421,330,930,1590,3540,6240,6660,16920,21600,17280,839,76350,91.00119189511322,1.0
5/8/22,423,205,570,1410,2040,4200,4860,12600,12240,10080,704,49332,70.07386363636364,1.0
5/9/22,453,410,885,1440,3000,4440,4680,12240,18000,7200,819,53567,65.4053724053724,1.0
5/10/22,530,470,1035,1620,3000,6120,3600,13680,12240,10080,930,53305,57.31720430107527,1.0
5/11/22,560,565,1140,1380,4200,5880,5220,15840,27360,11520,1033,74698,72.31171345595354,1.0
5/12/22,641,630,1290,2160,4500,8760,5040,14400,18000,17280,1178,73879,62.71561969439728,1.0
5/13/22,518,440,1275,1800,4740,7320,4500,16560,18000,12960,996,69109,69.38654618473896,1.0
5/14/22,510,395,1290,1710,3240,9240,4860,13680,17280,20160,966,73331,75.9120082815735,1.0
5/15/22,372,190,360,930,1740,5280,3060,7560,12960,11520,602,44574,74.04318936877077,1.0
5/16/22,457,565,1125,1620,3000,9120,8100,17640,12960,5760,941,61288,65.13071200850159,5.0
5/17/22,604,440,1230,2190,3720,6840,6480,18720,18000,20160,1093,79477,72.71454711802379,1.0
5/18/22,638,555,1215,1590,4680,7560,5220,15480,23040,5760,1132,66870,59.07243816254417,1.0
5/19/22,687,685,1605,2550,5760,12720,8100,21600,33120,15840,1380,104047,75.39637681159421,5.0
5/20/22,623,465,1245,1410,4320,8520,7920,17280,25200,20160,1130,88273,78.11769911504425,1.0
5/21/22,539,530,1200,2190,4680,9960,7920,17640,27360,8640,1096,81755,74.59397810218978,5.0
5/22/22,482,260,720,840,2340,5280,5040,11160,18720,18720,791,64353,81.35651074589127,1.0
5/23/22,525,355,780,1110,2100,3360,3240,8280,10080,12960,812,43602,53.69704433497537,1.0
5/24/22,624,515,1320,2340,4680,7200,5940,12240,19440,11520,1133,66952,59.09267431597529,1.0
5/25/22,800,755,1710,2910,5520,9240,9180,20880,23040,12960,1481,88476,59.7407157326131,1.0
5/26/22,644,590,1440,2250,3660,9120,8640,21960,29520,24480,1237,103541,83.70331447049313,1.0
5/27/22,621,740,1650,2250,5220,9720,8280,25560,26640,17280,1288,99249,77.05667701863354,5.0
5/28/22,492,355,1005,2190,4140,8040,6120,16920,27360,20160,972,87754,90.28189300411523,1.0
5/29/22,447,430,810,1170,3240,8160,4320,13680,18720,8640,842,60459,71.8040380047506,1.0
5/30/22,440,325,630,1230,2160,5760,5040,14400,25200,14400,785,70370,89.64331210191082,1.0
5/31/22,508,245,540,570,2040,2760,2340,7560,12960,15840,732,46095,62.971311475409834,1.0
6/1/22,654,360,945,1470,2220,4320,3960,15480,7920,11520,995,49844,50.094472361809046,1.0
6/2/22,743,765,1635,2700,4920,9360,8820,27000,20880,8640,1414,86877,61.44059405940594,1.0
6/3/22,680,645,1380,2310,5400,8640,10080,20160,28800,20160,1306,99561,76.23353751914242,1.0
6/4/22,553,485,1275,1800,4380,12240,10080,19440,20160,17280,1120,88813,79.29732142857142,5.0
6/5/22,476,360,1020,1470,3900,9120,8460,10080,29520,14400,932,79738,85.55579399141631,1.0
6/6/22,486,470,1035,1590,2820,6840,5940,11520,12960,17280,901,61842,68.63706992230854,1.0
6/7/22,535,365,885,1890,4140,7800,5400,15840,20880,8640,973,67348,69.21685508735868,1.0
6/8/22,654,520,1290,1920,4320,6840,6480,16200,27360,10080,1163,76827,66.05932932072227,1.0
6/9/22,623,550,1140,1920,4260,9000,6660,20520,22320,17280,1156,85429,73.90051903114187,1.0
6/10/22,620,500,1275,1710,3420,8640,5220,18360,18000,24480,1113,83338,74.87690925426774,1.0
6/11/22,468,360,840,990,3180,6480,4680,16920,19440,12960,845,67163,79.48284023668639,1.0
6/12/22,424,320,630,1290,2640,6840,7020,16200,20880,14400,797,71441,89.63739021329988,1.0
6/13/22,497,295,585,1080,2340,3480,2160,10080,15120,5760,764,42161,55.18455497382199,1.0
6/14/22,595,485,1245,1830,4020,6360,8640,18360,15120,8640,1082,66377,61.34658040665435,1.0
6/15/22,649,485,1350,1620,3660,6600,6660,14760,18000,21600,1124,76508,68.067615658363,1.0
6/16/22,623,465,1020,2100,2880,7200,6660,18000,19440,11520,1084,70992,65.49077490774907,1.0
6/17/22,620,470,1095,1380,4080,8040,5940,16560,19440,10080,1081,68786,63.631822386679,1.0
6/18/22,539,325,975,1440,3660,6120,5040,19080,20160,18720,951,77010,80.97791798107255,1.0
6/19/22,525,350,750,1470,3120,6840,6120,12600,18000,8640,903,59318,65.68992248062015,1.0
6/20/22,563,240,480,900,1980,4320,2340,10440,14400,12960,813,49436,60.80688806888069,1.0
6/21/22,730,555,1230,1920,3840,7560,5580,16200,20880,4320,1222,64037,52.40343698854337,1.0
6/22/22,786,550,1290,2370,4020,8160,6480,17280,14400,7200,1305,63841,48.92030651340996,1.0
6/23/22,674,535,1245,1890,4500,7560,5400,14760,28800,11520,1184,78068,65.9358108108108,1.0
6/24/22,588,610,1080,1770,3780,7320,7740,18000,23760,10080,1098,75826,69.05828779599271,1.0
6/25/22,542,320,1095,1710,4080,6840,8280,14040,23760,8640,985,70292,71.36243654822336,1.0
6/26/22,532,345,930,1920,4080,7560,5400,15840,15840,12960,963,66370,68.92004153686396,1.0
6/27/22,559,395,870,1410,2640,5040,5760,11520,13680,11520,920,54314,59.03695652173913,1.0
6/28/22,650,530,855,1410,3420,5880,4320,11160,18720,11520,1055,59520,56.41706161137441,1.0
6/29/22,704,470,975,1740,4380,7560,5220,14400,20160,14400,1164,71173,61.14518900343643,1.0
6/30/22,730,610,1410,2160,5280,8400,8280,15840,12240,12960,1292,69202,53.56191950464396,1.0
7/1/22,644,600,1260,2040,4080,8280,6480,14760,22320,12960,1170,74594,63.75555555555555,1.0
7/2/22,614,365,735,2100,3780,8880,5400,13320,24480,18720,1057,79451,75.16650898770104,1.0
7/3/22,542,295,855,1230,3180,7320,7200,16920,19440,7200,932,65114,69.86480686695279,1.0
7/4/22,532,310,585,1590,2280,5880,3420,11160,13680,8640,848,48925,57.694575471698116,1.0
7/5/22,613,320,615,1230,1680,4800,1440,10440,8640,2880,878,33536,38.195899772209565,1.0
7/6/22,690,450,915,1470,3000,7080,5400,14760,12960,14400,1098,62223,56.669398907103826,1.0
7/7/22,686,525,1155,2010,3180,6360,5760,16200,15840,14400,1150,67266,58.49217391304348,1.0
7/8/22,617,535,1140,1620,4440,9000,6120,16920,23040,11520,1124,76076,67.68327402135232,1.0
7/9/22,511,390,1065,1590,2880,7320,7740,10440,19440,15840,932,68148,73.12017167381974,1.0
7/10/22,483,285,765,1380,3480,7320,6120,16560,18000,2880,863,58136,67.36500579374275,1.0
7/11/22,527,410,660,1410,3060,5040,4680,13320,14400,20160,890,64557,72.53595505617977,1.0
7/12/22,521,370,900,1500,3420,5760,4860,10440,15120,10080,894,53865,60.25167785234899,1.0
7/13/22,537,330,990,1530,2700,4920,4140,12600,18720,11520,898,58885,65.57349665924276,1.0
7/14/22,575,555,1035,2040,4260,6840,5760,12600,33840,5760,1069,74334,69.53601496725912,1.0
7/15/22,481,395,885,1560,4440,7920,10260,19080,52560,12960,1003,111544,111.21036889332004,5.0
7/16/22,469,360,870,1620,3900,6360,5580,18720,17280,18720,891,74770,83.91694725028059,1.0
7/17/22,423,225,720,870,2880,7200,4860,5400,18720,24480,738,66516,90.130081300813,1.0
7/18/22,413,220,675,900,2040,3720,3600,7560,10800,12960,662,43550,65.78549848942598,1.0
7/19/22,516,305,960,1140,3060,5400,4680,11160,10080,10080,853,48234,56.54630715123095,1.0
7/20/22,565,495,855,1380,2160,6600,5220,11160,15120,17280,951,61786,64.96950578338591,1.0
7/21/22,504,425,1065,1530,4380,8160,5400,18000,18720,10080,965,69229,71.739896373057,1.0
7/22/22,406,430,795,1470,1560,5880,5400,10800,15840,15840,762,59183,77.66797900262468,1.0
7/23/22,362,235,705,1470,3300,5640,5040,12960,14400,12960,700,57772,82.53142857142858,1.0
7/24/22,369,185,615,1290,2880,4320,2700,10440,12240,12960,644,48643,75.53260869565217,1.0
7/25/22,382,190,570,630,2160,4440,2700,7560,7920,17280,611,44443,72.73813420621931,1.0
7/26/22,451,365,720,1230,2460,5400,3600,7920,10080,4320,758,37304,49.21372031662269,1.0
7/27/22,435,415,840,1320,2220,5280,2880,8280,11520,14400,764,48354,63.29057591623037,1.0
7/28/22,401,340,720,1050,2580,5280,4860,10440,18720,14400,731,59522,81.42544459644323,1.0
7/29/22,256,30,60,0,120,480,180,360,11520,15840,301,29147,96.83388704318936,1.0
7/30/22,348,270,585,780,2520,7680,6660,11880,5040,0,650,36413,56.02,1.0
7/31/22,317,225,330,990,1620,5280,3780,10440,14400,12960,567,50909,89.78659611992946,1.0
8/1/22,345,315,1470,3240,6180,12000,11700,20520,28080,4320,981,89151,90.8776758409786,15.0
8/2/22,281,50,45,60,180,120,180,360,15840,17280,336,34732,103.36904761904762,1.0
8/3/22,373,350,1560,2520,3960,8640,8460,20880,11520,0,890,59153,66.46404494382023,15.0
8/4/22,339,365,600,750,2940,5160,3960,10080,15840,12960,650,53644,82.52923076923076,1.0
8/5/22,287,285,615,930,2580,4560,4140,9720,17280,5760,575,46732,81.27304347826087,5.0
8/6/22,259,150,450,570,2460,5040,4860,10440,10080,1440,492,36241,73.66056910569105,1.0
8/7/22,230,135,315,810,1680,4920,2880,7920,8640,8640,430,36600,85.11627906976744,1.0
8/8/22,281,140,510,570,1980,3240,3060,7200,7920,10080,477,35458,74.33542976939204,1.0
8/9/22,312,265,630,1020,1980,4080,1800,3960,10800,4320,547,29714,54.321755027422306,1.0
8/10/22,351,300,555,1020,2340,3240,3240,7200,11520,10080,609,40455,66.42857142857143,1.0
8/11/22,306,230,735,1050,2520,4080,4320,11880,14400,8640,595,48756,81.94285714285714,1.0
8/12/22,274,300,405,1140,1800,4800,3600,9360,11520,2880,533,36612,68.69043151969981,1.0
8/13/22,240,205,360,420,1260,3840,3060,5760,12960,8640,429,37174,86.65268065268066,1.0
8/14/22,210,105,240,480,1260,4080,1980,6480,7920,7200,363,30318,83.52066115702479,1.0
8/15/22,225,175,465,540,1380,1800,2160,5040,9360,5760,390,27295,69.98717948717949,1.0
8/16/22,260,160,525,780,1740,2520,1800,5040,12960,7200,450,33435,74.3,1.0
8/17/22,272,220,615,930,2040,3000,2340,5760,7920,7200,492,30789,62.579268292682926,1.0
8/18/22,251,270,375,780,1800,4680,2880,9720,12960,2880,488,37084,75.99180327868852,1.0
8/19/22,237,185,510,990,1200,3840,2340,6840,9360,2880,440,28822,65.50454545454545,1.0
8/20/22,203,160,405,420,1680,2880,2340,5400,7920,7200,372,28980,77.90322580645162,1.0
8/21/22,186,125,315,450,960,2160,3060,3240,3600,2880,314,17290,55.06369426751592,1.0
8/22/22,193,145,255,600,900,3000,1260,3960,5040,2880,326,18559,56.92944785276074,1.0
8/23/22,226,185,285,780,1560,3480,1440,8640,5040,5760,406,27802,68.47783251231527,1.0
8/24/22,205,185,645,810,1500,1920,1980,5400,10080,1440,394,24559,62.33248730964467,1.0
8/25/22,215,185,255,390,900,2160,1800,5040,5760,5760,351,22816,65.002849002849,1.0
8/26/22,235,270,645,1140,2280,4560,2520,9360,7200,10080,503,38793,77.12326043737575,5.0
8/27/22,186,135,315,510,1560,3240,2160,9720,15840,12960,374,47000,125.66844919786097,5.0
8/28/22,162,135,300,360,900,1440,2160,7200,5760,5760,292,24469,83.79794520547945,1.0
8/29/22,210,135,270,630,1080,1920,2160,7200,2880,4320,349,21154,60.61318051575931,1.0
8/30/22,199,140,345,750,1140,2280,1260,6480,9360,5760,355,28069,79.06760563380281,1.0
8/31/22,214,190,465,600,1260,1800,1080,4680,5760,5760,370,22179,59.943243243243245,1.0
9/1/22,220,205,405,570,1020,2520,1980,4680,5760,1440,378,19178,50.735449735449734,1.0
9/2/22,180,165,375,540,1320,2640,1620,5760,3600,2880,332,19412,58.46987951807229,1.0
9/3/22,133,90,300,390,1260,2400,1980,3240,5040,7200,257,22290,86.73151750972762,1.0
9/4/22,179,105,285,300,1140,1440,2880,3960,2880,4320,294,17783,60.48639455782313,1.0
9/5/22,145,90,150,180,420,1080,1800,3600,5760,2880,225,16330,72.57777777777778,1.0
9/6/22,181,110,120,420,720,1800,900,2520,4320,4320,273,15684,57.45054945054945,1.0
9/7/22,214,180,330,570,720,2520,1260,4320,4320,4320,352,19106,54.27840909090909,1.0
9/8/22,215,155,270,720,1260,2400,3420,4680,7200,0,371,20691,55.77088948787062,1.0
9/9/22,201,300,300,810,1500,2880,1980,6120,7200,8640,401,30332,75.64089775561098,1.0
9/10/22,155,105,360,570,1320,2400,2520,3240,10080,10080,305,31135,102.08196721311475,1.0
9/11/22,167,120,270,540,1080,1800,1800,7200,5040,5760,301,24078,79.99335548172758,1.0
9/12/22,178,115,300,480,960,1080,1620,2520,3600,7200,288,18341,63.68402777777778,1.0
9/13/22,193,95,300,540,840,2760,1440,3600,4320,1440,312,15840,50.76923076923077,1.0
9/14/22,222,195,360,510,1620,2640,2340,6480,5760,5760,394,26281,66.70304568527919,1.0
9/15/22,193,175,495,510,1560,2520,2700,5760,7920,1440,368,23641,64.24184782608695,1.0
9/16/22,183,185,435,810,2160,3000,2700,5400,10800,4320,385,30378,78.9038961038961,5.0
9/17/22,187,145,405,360,1080,2160,2520,4680,5040,5760,329,22666,68.8936170212766,1.0
9/18/22,193,120,270,510,1080,1320,1260,3600,5040,4320,308,18021,58.50974025974026,1.0
9/19/22,227,155,255,480,720,1920,1800,2520,3600,2880,343,14900,43.440233236151606,1.0
9/20/22,261,185,345,600,1140,2280,2880,6120,12240,1440,430,27921,64.93255813953489,1.0
9/21/22,242,170,435,630,1800,3720,2700,4680,6480,4320,427,25604,59.96252927400469,1.0
9/22/22,217,205,360,750,1740,2520,1980,7560,6480,5760,402,27974,69.58706467661692,1.0
9/23/22,220,190,405,540,1200,2760,2340,5400,8640,5760,390,27845,71.3974358974359,1.0
9/24/22,182,150,315,450,1740,2880,1620,5760,5040,7200,338,25675,75.96153846153847,1.0
9/25/22,180,120,255,390,1380,2400,1080,3960,7920,5760,309,23754,76.87378640776699,1.0
9/26/22,218,105,300,480,720,1800,1800,2160,5760,5760,330,19433,58.88787878787879,1.0
9/27/22,232,155,375,540,1380,3240,900,2160,2880,7200,376,19438,51.6968085106383,1.0
9/28/22,221,215,495,690,1680,4200,3960,4320,7200,1440,428,24849,58.058411214953274,1.0
9/29/22,209,135,360,780,2280,4560,2160,5040,8640,4320,403,28887,71.67990074441687,1.0
9/30/22,176,235,270,780,1260,1680,2880,6480,7920,5760,351,27792,79.17948717948718,1.0
10/1/22,157,80,360,390,1200,2760,2160,5400,5040,5760,291,23598,81.09278350515464,1.0
10/2/22,136,105,255,360,1200,1800,1080,5760,7200,2880,255,21031,82.47450980392156,1.0
10/3/22,168,95,240,570,960,1560,1620,3600,1440,7200,277,17730,64.0072202166065,1.0
10/4/22,166,150,330,540,960,1680,1980,3600,4320,4320,296,18342,61.96621621621622,1.0
10/5/22,204,205,570,630,1260,3120,2160,4320,4320,5760,385,22934,59.56883116883117,1.0
10/6/22,160,145,525,570,960,1680,2880,5400,10080,5760,322,28482,88.45341614906832,5.0
10/7/22,151,125,450,690,960,2040,1620,3600,5760,7200,294,22890,77.85714285714286,1.0
10/8/22,117,80,210,450,960,1680,1620,3600,8640,8640,229,26226,114.52401746724891,1.0
10/9/22,98,85,240,480,900,1080,1080,5040,720,5760,196,15679,79.99489795918367,3.0
10/10/22,141,65,150,240,300,1440,1800,3600,4320,2880,217,15153,69.82949308755761,1.0
10/11/22,138,95,255,210,840,1560,720,2880,7200,7200,235,21333,90.77872340425532,1.0
10/12/22,135,140,210,330,1200,1680,900,5760,5040,2880,252,18527,73.51984126984127,1.0
10/13/22,134,100,150,570,1200,1680,1800,3960,4320,0,244,14158,58.02459016393443,1.0
10/14/22,101,90,165,510,840,2280,1440,4680,8640,2880,215,21841,101.58604651162791,5.0
10/15/22,117,105,270,270,1200,2040,1620,3600,2880,4320,228,16650,73.02631578947368,1.0
10/16/22,111,30,120,180,660,720,720,1800,2880,1440,162,8823,54.46296296296296,1.0
10/17/22,121,50,165,60,240,120,360,1440,3600,0,160,6316,39.475,1.0
10/18/22,130,150,255,600,1260,1680,1980,4680,4320,0,262,15317,58.461832061068705,5.0
10/19/22,125,150,225,270,1020,960,720,5040,2880,4320,229,15939,69.60262008733625,1.0
10/20/22,134,125,225,450,840,1800,1980,1800,4320,5760,244,17678,72.45081967213115,1.0
10/21/22,102,55,120,240,360,1320,540,2520,2880,1440,161,9738,60.484472049689444,1.0
10/22/22,100,50,60,180,480,1680,720,2520,2880,2880,159,11709,73.64150943396227,1.0
10/23/22,86,45,105,120,540,1200,1440,3600,5760,4320,154,17370,112.79220779220779,1.0
10/24/22,99,90,60,210,480,1200,1260,1080,4320,4320,165,13284,80.50909090909092,1.0
10/25/22,128,105,165,180,600,1680,1440,4320,2160,0,213,10991,51.60093896713615,1.0
10/26/22,126,95,225,300,780,840,1620,4320,9360,1440,225,19331,85.91555555555556,1.0
10/27/22,111,55,225,390,1140,1800,2160,3600,2880,5760,214,18335,85.67757009345794,1.0
10/28/22,102,100,105,360,900,1440,1440,3240,5040,5760,196,18683,95.32142857142857,1.0
10/29/22,73,40,135,420,420,1320,900,2160,2880,7200,142,15690,110.49295774647888,1.0
10/30/22,89,50,150,240,900,1800,360,2880,1440,4320,162,12391,76.48765432098766,1.0
10/31/22,100,45,90,210,540,600,1440,1800,720,0,150,5695,37.96666666666667,1.0
11/1/22,113,95,165,150,540,1200,720,3240,2160,4320,186,12889,69.29569892473118,1.0
11/2/22,127,85,165,360,480,2160,720,3240,4320,0,212,11869,55.985849056603776,1.0
11/3/22,122,135,195,390,600,1200,1980,2520,2160,0,216,9518,44.06481481481482,1.0
11/4/22,107,100,210,270,960,1920,720,4680,4320,7200,210,20697,98.55714285714286,1.0
11/5/22,91,95,120,150,660,1440,2340,3240,4320,2880,176,15512,88.13636363636364,1.0
11/6/22,69,65,180,180,660,1080,1080,2160,2160,1440,136,9210,67.72058823529412,1.0
11/7/22,98,95,150,330,600,1080,360,720,2160,0,164,5757,35.103658536585364,1.0
11/8/22,133,95,240,360,720,1440,1080,2520,3600,1440,223,11851,53.143497757847534,1.0
11/9/22,117,75,180,390,840,1440,1620,2520,2880,4320,206,14588,70.81553398058253,1.0
11/10/22,119,105,225,210,780,1800,1800,3600,3600,4320,218,16777,76.95871559633028,1.0
11/11/22,113,70,255,360,720,1320,1260,5760,2160,2880,207,15105,72.97101449275362,1.0
11/12/22,103,65,180,210,720,1080,1260,2880,3600,2880,178,13156,73.91011235955057,1.0
11/13/22,90,55,165,180,360,840,1440,1080,2160,4320,148,10838,73.22972972972973,1.0
11/14/22,125,75,75,330,180,120,1080,1800,720,1440,173,6118,35.36416184971098,1.0
11/15/22,131,115,345,420,1020,1440,900,2880,4320,2880,241,14692,60.96265560165975,1.0
11/16/22,141,95,300,240,1140,1200,1260,2880,2880,1440,237,11813,49.84388185654009,1.0
11/17/22,142,125,210,300,900,3120,2340,5760,8640,2880,275,24692,89.78909090909092,1.0
11/18/22,138,80,195,480,840,2280,1800,5040,5760,5760,252,22625,89.78174603174604,1.0
11/19/22,87,80,420,240,960,1080,2160,2160,6480,2880,193,16740,86.73575129533678,5.0
11/20/22,152,80,105,270,720,1680,2340,2160,5040,1440,237,14224,60.016877637130804,1.0
11/21/22,147,145,180,600,180,1320,1260,2880,5040,5760,248,17760,71.61290322580645,1.0
11/22/22,165,135,285,390,1020,1920,1620,5760,4320,4320,291,20226,69.50515463917526,1.0
11/23/22,153,200,330,480,1500,2040,1260,3600,2880,2880,296,15619,52.766891891891895,1.0
11/24/22,168,150,315,510,1320,2640,1980,4680,8640,5760,320,26483,82.759375,1.0
11/25/22,77,25,240,360,1200,1680,1260,2160,5040,8640,170,20852,122.65882352941176,15.0
11/26/22,113,45,330,210,300,1800,900,2520,5760,2880,193,15051,77.98445595854922,1.0
11/27/22,147,95,195,210,240,1560,1080,4680,1440,1440,225,11312,50.275555555555556,1.0
11/28/22,139,55,780,540,840,1080,1980,3240,1440,2880,267,13241,49.59176029962547,1.0
11/29/22,170,180,255,660,1380,2400,1980,4680,2880,1440,317,16342,51.55205047318612,1.0
11/30/22,184,135,315,210,660,2160,1980,6480,2880,4320,304,19628,64.5657894736842,1.0
12/1/22,175,130,285,810,900,2640,3060,3600,6480,1440,321,19841,61.809968847352025,1.0
12/2/22,102,95,150,270,660,1920,900,2880,7200,1440,191,15808,82.76439790575917,1.0
12/3/22,113,40,30,30,300,360,360,1440,4320,2880,146,10019,68.62328767123287,1.0
12/4/22,115,65,240,270,600,2040,2340,4320,1440,2880,209,14519,69.4688995215311,1.0
12/5/22,152,200,990,600,1800,2880,1440,4320,1440,4320,357,18499,51.817927170868344,5.0
12/6/22,174,145,240,420,1080,1440,720,5040,10080,5760,299,25398,84.94314381270902,1.0
12/7/22,184,125,285,720,1260,1920,1980,9360,6480,1440,336,24090,71.69642857142857,1.0
12/8/22,161,185,330,420,1140,1680,720,5040,12240,8640,308,30864,100.20779220779221,1.0
12/9/22,156,125,225,420,1140,1560,900,3240,8640,5760,272,22438,82.49264705882354,1.0
12/10/22,136,55,150,300,480,1920,1260,3240,2880,1440,212,12073,56.948113207547166,1.0
12/11/22,122,55,225,240,1020,2400,1260,1440,5040,11520,219,23541,107.4931506849315,1.0
12/12/22,140,80,120,180,360,1320,900,2160,720,1440,200,7620,38.1,1.0
12/13/22,162,95,285,210,900,3480,1800,7200,4320,0,287,18739,65.29268292682927,1.0
12/14/22,185,130,360,600,960,1680,1080,2880,10800,1440,315,20430,64.85714285714286,1.0
12/15/22,203,230,240,690,1320,2280,2340,4680,3600,2880,362,18825,52.00276243093923,1.0
12/16/22,145,125,330,630,1140,1320,1440,3960,5760,1440,271,16561,61.11070110701107,1.0
12/17/22,133,70,135,270,660,960,1080,2160,2160,7200,204,15032,73.68627450980392,1.0
12/18/22,153,110,285,480,900,1320,900,4320,4320,4320,262,17370,66.29770992366412,1.0
12/19/22,156,80,75,270,840,1320,900,3240,5040,4320,235,16476,70.11063829787234,1.0
12/20/22,177,170,330,420,1380,3000,1800,4320,2880,1440,322,16239,50.43167701863354,1.0
12/21/22,148,95,255,300,960,1920,1620,3960,3600,4320,254,17432,68.62992125984252,1.0
12/22/22,158,85,330,390,1020,1440,900,2520,5040,1440,259,13582,52.44015444015444,1.0
12/23/22,155,95,180,270,840,1680,1440,5040,2880,2880,251,15711,62.59362549800797,1.0
12/24/22,126,110,90,390,840,1800,1620,3240,5760,5760,226,19962,88.32743362831859,1.0
12/25/22,117,60,75,240,1020,1080,360,1800,2160,1440,179,8531,47.659217877094974,1.0
12/26/22,104,65,90,270,420,360,720,1080,2880,1440,154,7583,49.24025974025974,1.0
12/27/22,149,55,150,330,360,1320,1440,5400,2160,1440,225,13029,57.906666666666666,1.0
12/28/22,156,125,225,450,720,2640,1800,4320,5760,0,275,16471,59.89454545454546,1.0
12/29/22,170,170,345,300,1320,2040,2160,2520,4320,5760,305,19410,63.63934426229508,1.0
12/30/22,154,80,195,420,1320,2160,2160,8640,6480,7200,287,29096,101.37979094076655,1.0
12/31/22,148,70,150,390,840,2400,1260,3600,8640,4320,251,22069,87.92430278884463,1.0
1/1/23,103,80,165,270,540,1920,1800,3960,3600,4320,193,16951,87.82901554404145,1.0
1/2/23,109,50,180,240,360,1320,1440,2160,2880,4320,177,13236,74.77966101694915,1.0
1/3/23,176,125,255,300,900,1200,720,3240,2160,0,269,9345,34.739776951672866,1.0
1/4/23,190,100,255,420,1020,2160,1080,2520,3600,4320,297,15962,53.744107744107744,1.0
1/5/23,174,115,315,360,960,2280,1620,3960,4320,2880,293,17277,58.965870307167236,1.0
1/6/23,133,120,270,330,1080,1440,1620,5400,5760,4320,251,20724,82.56573705179282,1.0
1/7/23,115,60,150,300,1140,3360,2160,5040,4320,2880,228,19753,86.6359649122807,1.0
1/8/23,107,65,135,330,540,2520,1800,4320,2160,4320,198,16495,83.3080808080808,1.0
1/9/23,109,40,195,540,720,1320,1620,4320,2880,1440,197,13381,67.9238578680203,1.0
1/10/23,119,120,240,420,660,2280,1440,3960,2160,4320,228,15947,69.94298245614036,1.0
1/11/23,134,80,285,420,1140,2400,1080,5400,5760,5760,255,22714,89.07450980392157,1.0
1/12/23,103,75,300,330,960,2280,2520,1440,5040,4320,212,17580,82.9245283018868,5.0
1/13/23,97,120,360,240,840,1200,1080,5760,5760,1440,208,17105,82.23557692307692,5.0
1/14/23,103,60,225,390,480,1200,1440,3240,7920,4320,192,19570,101.92708333333333,1.0
1/15/23,92,35,105,150,360,840,720,3240,2160,0,140,7842,56.01428571428571,1.0
1/16/23,89,45,120,210,300,720,540,1800,720,0,133,4677,35.16541353383459,1.0
1/17/23,119,35,180,270,960,1320,1440,1440,4320,1440,193,11717,60.70984455958549,1.0
1/18/23,98,65,225,300,840,1320,1260,3600,4320,7200,189,19417,102.73544973544973,1.0
1/19/23,126,80,240,360,720,1080,1980,2880,6480,5760,223,19929,89.3677130044843,1.0
1/20/23,102,60,180,150,120,960,1620,2520,5760,4320,168,15960,95.0,1.0
1/21/23,98,120,315,330,1080,2640,1620,3960,3600,1440,220,15423,70.10454545454546,5.0
1/22/23,98,60,165,210,720,1320,900,2160,6480,8640,177,20930,118.24858757062147,1.0
1/23/23,105,75,120,180,420,960,540,2880,2160,0,163,7603,46.644171779141104,1.0
1/24/23,139,115,285,540,840,1560,2160,5040,5040,5760,263,21742,82.66920152091255,1.0
1/25/23,149,120,210,480,600,1560,1620,3960,4320,1440,253,14712,58.1501976284585,1.0
1/26/23,144,100,240,540,900,1920,900,5400,3600,2880,256,16880,65.9375,1.0
1/27/23,138,140,330,150,1200,2040,1440,4680,5760,2880,261,19019,72.86973180076629,1.0
1/28/23,148,125,225,630,1620,3840,2520,9000,7200,5760,321,31389,97.78504672897196,5.0
1/29/23,123,60,120,330,420,600,1620,720,11520,5760,197,21470,108.98477157360406,1.0
1/30/23,117,35,120,300,600,1560,1080,3240,2160,2880,185,12277,66.36216216216216,1.0
1/31/23,147,120,255,450,1200,1080,1080,5400,4320,4320,262,18634,71.12213740458016,1.0
2/1/23,145,100,255,210,960,2040,540,4680,7920,5760,253,22863,90.36758893280633,1.0
2/2/23,123,110,225,660,1380,2280,1260,6840,8640,1440,263,23221,88.29277566539923,5.0
2/3/23,119,145,240,210,720,960,1260,2880,5040,1440,214,13228,61.81308411214953,1.0
2/4/23,113,90,195,210,960,1680,1260,7920,5760,5760,222,24170,108.87387387387388,1.0
2/5/23,101,70,195,210,300,720,900,2880,4320,7200,170,17066,100.38823529411765,1.0
2/6/23,112,100,240,300,780,600,1800,1800,2880,2880,197,11689,59.33502538071066,1.0
2/7/23,148,80,240,300,720,1920,1260,3600,2160,2880,240,13548,56.45,1.0
2/8/23,165,140,255,540,960,2880,1620,3600,6480,5760,300,22700,75.66666666666667,1.0
2/9/23,134,120,210,240,600,2040,1080,4680,5040,8640,239,23023,96.33054393305439,1.0
2/10/23,108,110,270,390,1260,2280,1260,2880,5040,2880,225,16703,74.23555555555555,5.0
2/11/23,107,115,195,330,840,1440,1440,2520,4320,1440,202,12949,64.10396039603961,1.0
2/12/23,93,45,165,150,600,960,1080,720,5040,1440,152,10445,68.71710526315789,1.0
2/13/23,98,60,225,270,660,840,1080,2880,2880,1440,171,10604,62.01169590643275,1.0
2/14/23,110,90,240,420,960,1920,1080,4320,5040,2880,217,17277,79.61751152073732,1.0
2/15/23,140,155,240,420,780,1920,1620,2160,5760,2880,255,16330,64.03921568627452,1.0
2/16/23,102,90,135,240,360,1440,1260,3240,720,2880,174,10641,61.1551724137931,1.0
2/17/23,92,50,225,510,600,1440,1260,3600,2160,2880,178,12995,73.00561797752809,1.0
2/18/23,102,145,240,270,720,1680,1980,5040,5760,1440,216,17593,81.44907407407408,5.0
2/19/23,89,40,45,150,300,1200,900,1440,3600,2880,136,10780,79.26470588235294,1.0
2/20/23,102,45,105,360,120,360,900,1440,2880,4320,151,10783,71.41059602649007,1.0
2/21/23,112,60,165,390,240,1320,540,2520,2160,0,176,7683,43.65340909090909,1.0
2/22/23,163,80,225,600,660,1680,720,4680,3600,2880,263,15551,59.129277566539926,1.0
2/23/23,123,85,420,420,1200,1680,1260,2880,10080,2880,247,21275,86.1336032388664,5.0
2/24/23,97,65,75,180,480,840,1080,1440,2880,2880,152,10169,66.90131578947368,1.0
2/25/23,91,15,45,150,480,480,540,1440,2880,2880,127,9128,71.8740157480315,1.0
2/26/23,76,50,90,60,300,720,360,1800,2160,1440,116,7172,61.827586206896555,1.0
2/27/23,109,60,60,150,300,840,720,1800,4320,1440,158,9957,63.01898734177215,1.0
2/28/23,149,160,315,540,1560,2520,3060,5760,2880,0,304,17248,56.73684210526316,5.0
3/1/23,150,105,285,420,660,600,720,2880,5040,8640,245,19745,80.59183673469387,1.0
3/2/23,127,80,135,300,1020,1080,1080,3240,3600,4320,211,15193,72.00473933649289,1.0
3/3/23,104,70,285,390,480,960,1620,2880,4320,4320,192,15621,81.359375,1.0
3/4/23,99,75,75,330,720,960,1620,1080,3600,2880,169,11608,68.68639053254438,1.0
3/5/23,87,85,120,30,240,720,720,3600,2880,1440,142,10064,70.87323943661971,1.0
3/6/23,127,80,150,270,840,1080,720,2160,1440,1440,198,8505,42.95454545454545,1.0
3/7/23,114,75,180,300,600,720,1080,3240,3600,2880,189,12978,68.66666666666667,1.0
3/8/23,131,100,225,390,420,960,900,2880,4320,5760,217,16303,75.12903225806451,1.0
3/9/23,111,105,180,300,960,2040,540,2520,2880,5760,205,15601,76.10243902439025,1.0
3/10/23,87,75,165,210,480,1080,540,2880,3600,2880,155,12152,78.4,1.0
3/11/23,73,110,165,420,420,960,1980,2160,4320,4320,161,15089,93.72049689440993,5.0
3/12/23,97,20,60,150,720,960,720,2520,1440,0,143,6830,47.76223776223776,1.0
3/13/23,128,50,105,360,300,1080,900,3960,2160,4320,193,13556,70.23834196891191,1.0
3/14/23,122,40,165,330,660,840,1260,3600,2160,1440,191,10808,56.58638743455497,1.0
3/15/23,110,85,135,180,780,2160,1080,2160,1440,1440,188,9758,51.90425531914894,1.0
3/16/23,126,110,240,270,420,1440,1800,1440,2880,4320,213,13259,62.248826291079816,1.0
3/17/23,89,60,195,390,420,1440,720,3240,720,2880,162,10316,63.67901234567901,1.0
3/18/23,78,45,90,240,420,1080,360,1080,2160,1440,126,7119,56.5,1.0
3/19/23,69,35,105,60,240,1320,720,1440,2880,2880,114,9863,86.51754385964912,1.0
3/20/23,98,55,60,300,180,840,1080,720,2880,2880,147,9240,62.857142857142854,1.0
3/21/23,110,80,180,300,540,1440,180,1800,6480,1440,185,12735,68.83783783783784,1.0
3/22/23,135,65,240,150,600,2160,1260,3240,0,4320,216,12386,57.342592592592595,1.0
3/23/23,84,45,0,90,120,0,0,720,4320,2880,108,8367,77.47222222222223,1.0
3/24/23,58,40,45,30,0,120,360,360,720,0,75,1808,24.106666666666666,1.0
3/25/23,80,40,150,210,780,2280,1260,2160,2160,0,153,9273,60.6078431372549,1.0
3/26/23,75,45,135,120,660,480,900,1800,2880,2880,128,10103,78.9296875,1.0
3/27/23,95,65,180,90,420,600,540,360,720,4320,143,7533,52.67832167832168,1.0
3/28/23,104,80,135,210,480,720,540,2880,1440,0,163,6752,41.423312883435585,1.0
3/29/23,90,50,105,210,600,720,900,3600,2160,1440,149,10024,67.2751677852349,1.0
3/30/23,88,60,90,180,540,960,180,2880,2160,0,141,7279,51.6241134751773,1.0
3/31/23,80,60,180,360,360,1680,720,2520,2160,4320,153,12593,82.30718954248366,1.0
4/1/23,63,50,60,210,480,840,1440,1080,2160,1440,114,7937,69.62280701754386,1.0
4/2/23,69,35,45,150,360,240,180,2880,2880,1440,106,8385,79.10377358490567,1.0
4/3/23,62,65,45,30,360,600,0,1080,720,2880,96,5938,61.854166666666664,1.0
4/4/23,80,35,90,180,660,240,1080,1440,2160,2880,127,8972,70.64566929133858,1.0
4/5/23,88,65,60,120,540,840,1800,720,2160,2880,142,9415,66.30281690140845,1.0
4/6/23,100,55,150,270,240,1080,900,1800,2880,2880,159,10514,66.12578616352201,1.0
4/7/23,71,30,195,210,360,720,360,1080,1440,0,116,4582,39.5,1.0
4/8/23,55,40,60,120,240,720,900,1440,720,1440,92,5827,63.33695652173913,1.0
4/9/23,74,15,120,90,120,360,0,2160,0,1440,100,4479,44.79,1.0
4/10/23,82,40,105,180,360,600,360,2160,720,1440,124,6171,49.766129032258064,1.0
4/11/23,82,40,90,120,120,360,180,1080,2880,0,113,5065,44.823008849557525,1.0
4/12/23,114,90,165,360,540,1200,720,2520,1440,2880,189,10218,54.06349206349206,1.0
4/13/23,80,75,180,120,540,600,1260,1800,2880,2880,143,10558,73.83216783216783,1.0
4/14/23,80,40,60,270,240,840,900,1440,2160,0,124,6154,49.62903225806452,1.0
4/15/23,71,45,45,120,540,720,1080,1440,3600,4320,120,12101,100.84166666666667,1.0
4/16/23,69,30,90,90,240,480,0,1800,720,1440,99,5058,51.09090909090909,1.0
4/17/23,76,30,30,60,300,240,360,1800,720,1440,102,5158,50.568627450980394,1.0
4/18/23,88,25,90,150,300,120,720,2160,2160,0,123,5936,48.260162601626014,1.0
4/19/23,68,60,90,240,180,600,540,1440,1440,1440,112,6210,55.44642857142857,1.0
4/20/23,50,15,75,150,180,360,360,2160,1440,1440,80,6310,78.875,1.0
4/21/23,58,5,0,30,60,0,0,0,720,1440,63,2376,37.714285714285715,1.0
4/22/23,31,5,0,30,60,0,0,0,0,0,34,160,4.705882352941177,1.0
4/23/23,49,25,60,60,360,480,540,720,0,0,75,2369,31.586666666666666,1.0
4/24/23,58,25,15,30,0,120,0,0,720,0,67,1035,15.447761194029852,1.0
4/25/23,60,15,0,30,0,120,180,0,0,0,66,471,7.136363636363637,1.0
4/26/23,105,165,285,360,1020,2280,1980,2160,0,0,222,8577,38.63513513513514,5.0
4/27/23,64,35,30,60,360,960,1080,6120,5040,8640,125,22514,180.112,1.0
4/28/23,56,30,75,60,480,720,540,720,720,0,89,3490,39.21348314606742,1.0
4/29/23,40,30,90,180,480,600,180,360,2880,1440,78,6358,81.51282051282051,1.0
4/30/23,44,45,90,90,300,600,360,1080,720,0,78,3407,43.67948717948718,1.0
5/1/23,49,40,45,150,120,720,540,1080,2160,0,82,4986,60.80487804878049,1.0
5/2/23,59,30,45,150,360,240,1080,1080,2160,1440,94,6738,71.68085106382979,1.0
5/3/23,54,55,75,90,480,960,180,2160,720,0,97,4871,50.21649484536083,1.0
5/4/23,53,40,150,150,120,600,720,360,2880,0,92,5165,56.141304347826086,1.0
5/5/23,43,5,90,210,300,600,180,720,2160,0,73,4381,60.013698630136986,1.0
5/6/23,34,15,15,90,180,720,180,2880,1440,0,61,5615,92.04918032786885,1.0
5/7/23,36,10,15,60,60,360,720,1080,1440,1440,55,5276,95.92727272727272,1.0
5/8/23,59,45,45,180,120,600,0,1080,2160,1440,91,5820,63.956043956043956,1.0
5/9/23,25,30,120,150,180,360,180,720,1440,0,55,3260,59.27272727272727,5.0
5/10/23,52,30,180,90,120,120,540,360,1440,0,82,3014,36.75609756097561,1.0
5/11/23,28,0,0,0,0,0,0,0,2160,1440,32,3660,114.375,1.0
5/12/23,13,0,0,0,0,0,0,0,0,0,13,26,2.0,1.0
